timestamp,icao24,latitude,longitude
00:00:00,392aeb,47.51661397643008,7.512113131009616
00:00:00,3c09f4,47.09523010253906,7.787040710449219
00:00:00,3c496a,47.31321716308594,9.144401550292967
00:00:00,3c5428,47.43832397460938,7.3046722412109375
00:00:00,3cc23d,47.203038102489394,8.009878305288463
00:00:00,400664,47.63494976496292,9.338308481069713
00:00:00,400b83,47.36714172363281,8.353866577148438
00:00:00,406add,46.558010295286024,10.47539520263672
00:00:00,461f67,46.14614868164062,7.396746379573171
00:00:00,4ca640,47.125342417571495,8.04699237530048
00:00:00,4ca643,45.91167902542373,7.324310302734375
00:00:00,4ca7a4,46.56862420550847,10.47628784179688
00:00:00,4ca94c,46.69624328613281,9.539080363948173
00:00:00,70c0dc,47.56228637695312,8.718681335449219
00:10:00,392aeb,47.23800659179688,8.279228210449219
00:10:00,3c5428,47.382568359375,7.226737976074219
00:10:00,400664,46.63333181607521,9.531463623046877
00:10:00,406add,46.89677092988613,9.269503079927883
00:10:00,461f67,47.25084725072829,8.343904935396633
00:10:00,46cde6,45.83640405687235,8.920211791992188
00:10:00,4ca643,46.22909545898438,7.045317859184451
00:10:00,4ca6fd,46.4130466267214,6.378730773925781
00:10:00,4ca7a4,46.65586309917902,10.31417083740234
00:10:00,4ca94c,47.36956787109375,8.1331787109375
00:10:00,4cac99,47.71734722590042,8.818711500901443
00:10:00,70c0dc,47.54757121457892,8.868431678185095
00:20:00,344409,45.864990234375,7.181441144245428
00:20:00,392aeb,46.65120787539724,9.8909912109375
00:20:00,406add,47.38826945676642,7.66063983623798
00:20:00,42460e,46.3301370911679,6.799232482910156
00:20:00,4690f1,47.49586486816406,7.114677429199219
00:20:00,46cde6,46.25011379435911,8.467369079589844
00:20:00,4b17e4,47.45605087280273,8.55589485168457
00:20:00,4ca7a4,47.33971547272245,8.766737717848557
00:20:00,4cac99,46.82817077636719,9.213710877953506
00:20:00,505c4d,45.91928100585938,8.911385885099088
00:30:00,344409,46.143648826469814,7.381507873535156
00:30:00,42460e,46.74513244628906,8.0636298947218
00:30:00,440958,46.41448974609375,6.404091439596037
00:30:00,4690f1,47.43342512744968,7.280203012319713
00:30:00,46cde6,47.31886007018008,7.499014047475963
00:30:00,505c4d,46.729648396120226,8.960517883300781
00:30:00,acb2ba,46.24685668945312,6.839257217035063
00:40:00,344409,47.32301330566406,8.252037048339844
00:40:00,400757,45.91886901855469,7.309793611852133
00:40:00,400759,45.904696189751064,7.367088317871094
00:40:00,4408a2,46.734210515426376,10.39979553222656
00:40:00,4690f1,46.81050109863281,8.879297768197407
00:40:00,4891ab,46.007297321901476,9.02471923828125
00:40:00,acb2ba,46.80381774902344,8.265269209698934
00:50:00,3c5427,47.5543212890625,7.996055603027344
00:50:00,400757,46.71968078613281,7.836601443407012
00:50:00,400759,46.257655256885606,7.606109619140625
00:50:00,4408a2,46.83792890128443,10.16043090820312
00:50:00,4408b1,45.905441025556144,7.365715026855469
00:50:00,4891ab,46.39987234341896,7.483543395996094
00:50:00,4b17e4,47.45603787696968,8.555884728064902
00:50:00,505d18,46.15740966796875,9.141093928639485
01:00:00,342086,47.71101379394531,8.844818115234375
01:00:00,3c5427,46.69654975503179,7.13177490234375
01:00:00,400759,47.308804786811436,8.679833045372595
01:00:00,4408a2,47.503206931938564,8.587435208834133
01:00:00,4408b1,46.20449260129767,7.573631286621094
01:00:00,4b17e4,47.45603942871094,8.55589485168457
01:00:00,505d18,46.32813534494174,9.100181579589844
01:00:00,c06738,46.39014292571504,10.16331481933594
01:10:00,342086,47.13251146219545,8.057908278245193
01:10:00,3c15c0,46.4564208984375,6.521926507717228
01:10:00,3c6617,46.45843505859375,6.526908874511719
01:10:00,424350,46.26808295815679,6.861854553222656
01:10:00,4408b1,47.33880615234375,8.396507263183594
01:10:00,505d18,47.58975219726562,8.789680480957031
01:10:00,c06738,46.86749267578125,9.363853454589844
01:20:00,342086,46.23628777972722,6.883415222167969
01:20:00,3c15c0,46.80885314941406,6.484345226753049
01:20:00,424350,46.54719543457031,7.43493056878811
01:20:00,4405c6,46.68974304199219,10.39299941644436
01:30:00,424350,47.27705383300781,8.997802734375
01:30:00,4405c6,46.8802448854608,9.962205153245193
01:30:00,471f8e,46.26502990722656,6.860359005811738
01:30:00,4b7f4c,47.563911050052965,7.8018423227163485
01:40:00,4405c6,47.53656005859375,8.423149108886719
01:40:00,471f8e,46.532360012248404,7.621971130371094
01:50:00,471f8e,47.02613959878179,9.309222881610577
02:10:00,3922f3,45.92422485351562,7.734040050971799
02:10:00,3c542d,47.43808035123146,7.1920306865985575
02:20:00,3420ce,47.53262329101562,7.678550720214844
02:20:00,3922f3,46.19114685058594,7.148817108898629
02:20:00,3c542d,46.98973574880826,6.6102482722355775
02:20:00,3c70b2,47.54182434082031,7.7354736328125
02:20:00,4072a4,46.55256368346133,10.47072601318359
02:20:00,45ce57,47.682898569915245,9.030127892127405
02:30:00,3420ce,47.3719482421875,7.423255920410156
02:30:00,3c70b2,47.42527770996094,7.6312408447265625
02:30:00,4072a4,46.76234436035156,10.01343517768674
02:30:00,45ce57,47.26258850097656,9.176261901855467
02:30:00,4951d3,46.28709411621094,6.861765791730184
02:40:00,4072a4,47.43896484375,8.479110717773438
02:40:00,4951d3,46.781507589049255,8.413604736328125
02:50:00,405e23,46.54115838519597,10.04308319091797
03:00:00,40066a,47.56182861328125,8.057029724121094
03:00:00,405e23,46.76252746582031,9.58282470703125
03:00:00,503d22,45.92559814453125,7.7921905517578125
03:00:00,508371,46.43293762207031,6.793436189977133
03:10:00,40066a,46.95538019729873,7.4243633563701925
03:10:00,405e23,47.44802856445312,8.109695434570312
03:10:00,503d22,46.94644216763771,7.821068396935098
03:10:00,508371,46.617919921875,7.120011492473322
03:20:00,461f38,45.90032958984375,7.066084698932928
03:20:00,4b1801,47.44202041625977,8.56464958190918
03:20:00,508371,47.03897094726562,8.871116638183594
03:30:00,461f38,46.16317749023438,7.312138255049543
03:30:00,a34291,46.234565346927965,6.029228210449219
03:40:00,461f38,47.25722490730932,8.2672119140625
03:50:00,44ccd5,46.412109375,6.389286692549543
04:10:00,3991ea,45.8704833984375,9.052734375
04:10:00,3c0c9b,45.8940822795286,9.082809448242188
04:10:00,3c6565,46.23261015293961,8.472175598144531
04:10:00,44cccd,46.416165626655186,6.411003112792969
04:10:00,44cccf,46.456787109375,6.617453970560213
04:20:00,3991ea,46.19558715820312,7.688821932164633
04:20:00,3c0c9b,47.12374877929688,9.160812377929688
04:20:00,3c6565,46.65545654296875,8.568398080221037
04:20:00,44cccf,46.874193094544495,6.522709773137017
04:30:00,4408b1,47.77116394042969,8.486251831054688
04:40:00,3965ae,45.97242969577596,7.542594909667969
04:40:00,39840b,46.169764631885606,5.98095703125
04:40:00,4408b1,47.1462443723517,7.770714393028848
04:40:00,4cc3d9,47.54278564453125,7.74151611328125
04:40:00,748029,47.45347595214844,9.654441833496094
04:50:00,392f2e,46.58230590820312,10.481492949695118
04:50:00,3965ae,46.59544372558594,6.234875190548781
04:50:00,39840b,46.48439025878906,6.615243306974086
04:50:00,3c4b21,46.45980834960938,8.419278772865855
04:50:00,3c70b3,47.42434744107521,7.2589346078725985
04:50:00,4cc0d9,47.59891833289195,7.685570350060098
04:50:00,4cc3d9,47.41365051269531,7.8276214599609375
04:50:00,748029,47.43384409759004,8.096149151141827
05:00:00,392f2e,46.65769958496094,10.13167218464177
05:00:00,39840b,46.95808410644531,8.28533935546875
05:00:00,3a2e21,45.89263916015625,7.244880490186738
05:00:00,3a4494,45.8914753542108,7.2574310302734375
05:00:00,3c70b3,47.0361328125,6.7259674072265625
05:00:00,4b5da6,47.44354248046875,8.562950134277344
05:00:00,4cc0d9,47.29527282714844,7.889350891113281
05:10:00,392f2e,47.022834389896715,8.316016564002402
05:10:00,3a2e21,46.019912978350106,7.0404510498046875
05:10:00,3a4494,45.97485041214248,7.1236724853515625
05:10:00,489c08,46.07876586914062,8.024239889005338
05:10:00,4b5da5,47.449439097258995,8.559229924128605
05:10:00,4b5da6,47.44354248046875,8.562950134277344
05:10:00,4cc0d9,46.33085632324219,8.663523604230184
05:20:00,040140,46.08038433527542,8.028465270996094
05:20:00,394a0e,46.05803926112289,8.027503967285156
05:20:00,4400ef,47.58714061672404,7.5962712214543275
05:20:00,440958,46.60331726074219,6.153415586890246
05:20:00,489c08,46.25327934653071,7.5287933349609375
05:20:00,4a4ca1,46.23458862304688,6.029015517816313
05:20:00,4b5dab,47.443596791412865,8.563296978290264
05:30:00,00b0f3,46.13951110839844,9.111216475323934
05:30:00,040140,46.57516479492188,6.502298494664633
05:30:00,394a0e,46.23661364539195,7.505104064941406
05:30:00,3c0ca2,47.58732682567532,7.5921865609975985
05:30:00,3c0caa,47.43740844726562,7.342094421386719
05:30:00,4400ef,47.14121673066738,7.291330190805287
05:30:00,4408d7,47.54598999023438,7.5186309814453125
05:30:00,440958,46.50778043068061,6.136756896972656
05:30:00,4b1801,47.44441145557468,8.56375474196214
05:40:00,00b0f3,46.672389143604356,9.143096923828123
05:40:00,3c0859,47.54184528932733,7.729586087740384
05:40:00,3c0ca2,46.75263977050781,6.416752512862043
05:40:00,3c0caa,46.99895309189618,7.0231511042668275
05:40:00,4408d7,46.50778043068061,6.755424499511719
05:40:00,4891b3,47.58975219726562,7.6551361083984375
05:40:00,4b1801,47.44478387347722,8.564282930814302
05:40:00,4b1881,45.87890625,7.121955871582031
05:40:00,4b191d,47.72228176310911,8.781597430889423
05:40:00,780275,47.57734680175781,7.9024658203125
05:50:00,3c0859,47.23727416992188,7.515541076660156
05:50:00,3c0ca6,46.586174399165785,6.124259948730469
05:50:00,3c5cb5,47.57221984863281,7.686653137207031
05:50:00,400615,46.50018310546875,10.04679610089558
05:50:00,4007ef,46.58687268273305,10.10041809082031
05:50:00,440909,47.548036736957094,7.520775428185098
05:50:00,44ccd6,46.44708251953125,6.4911781869283525
05:50:00,4891b3,47.451580500198624,7.990933931790866
05:50:00,4b1801,47.44299161232125,8.565480158879206
05:50:00,4b187b,47.7039401814089,8.86322021484375
05:50:00,4b1881,46.6952928446107,7.768089294433594
05:50:00,4b191d,47.76370239257812,8.684761047363281
05:50:00,4b1938,47.65379333496094,8.921722412109375
05:50:00,780275,47.38888549804688,7.635429382324219
05:50:00,780a8a,47.67950025655455,9.065410907451922
05:50:00,a2aa4a,47.55400085449219,8.005874633789062
06:00:00,02a1a0,46.457504013837394,6.5279388427734375
06:00:00,398517,46.740588172007406,10.41345977783203
06:00:00,3c09f3,46.61401263738082,6.1739044189453125
06:00:00,3c0ca6,46.23884582519531,6.064453125000001
06:00:00,3c49ea,47.5887451171875,7.592445373535156
06:00:00,3c5cb5,47.39012145996094,7.530029296875
06:00:00,400615,46.57691050384004,9.821159362792967
06:00:00,4007ef,46.92074533236229,9.01195819561298
06:00:00,440909,46.51867365432998,6.729331970214844
06:00:00,44ccd6,46.907245183395126,6.45305926983173
06:00:00,484ad0,46.926052287473524,10.24334247295673
06:00:00,4891b3,46.75062561035156,9.484483672351374
06:00:00,4b187b,47.28208923339844,8.813026428222656
06:00:00,4b187c,47.67866231627383,9.067734938401443
06:00:00,4b187e,47.68002319335938,9.063102722167967
06:00:00,4b187f,47.654315495895126,8.87737567608173
06:00:00,4b1881,47.316392801575745,8.645183856670673
06:00:00,4b1883,47.591982049457094,7.676274226262017
06:00:00,4b1918,47.6502685546875,8.890960693359375
06:00:00,4b191d,47.47017811920683,8.540584857647232
06:00:00,4b1938,47.55450439453125,8.70556640625
06:00:00,4b5c6d,47.45658874511719,8.555809020996094
06:00:00,710111,46.04421324649099,8.035057067871094
06:00:00,780275,46.57281390691207,6.68682861328125
06:00:00,780a8a,47.64170837402344,8.957359313964844
06:00:00,a2aa4a,46.68388366699219,9.432901522008382
06:10:00,398517,46.9522705078125,9.283309936523438
06:10:00,3c0ca4,47.49197387695312,7.2016754150390625
06:10:00,3c15c0,46.23321533203125,6.026871844035822
06:10:00,3c48ef,47.63548278808594,9.197410583496094
06:10:00,3c49ea,46.79356384277344,6.97611738995808
06:10:00,400615,47.1588134765625,8.036087036132812
06:10:00,44090f,46.47803355071504,6.093017578125
06:10:00,484ad0,46.821216647907846,10.38640594482422
06:10:00,4b17e0,47.45608520507812,8.555242538452147
06:10:00,4b17e2,46.45587158203125,6.6105540205792686
06:10:00,4b17e5,47.44625473022461,8.563087463378906
06:10:00,4b17fd,47.72817993164062,8.791328430175781
06:10:00,4b187b,47.46600723266602,8.546848297119139
06:10:00,4b187c,47.38943326271186,8.784625713641827
06:10:00,4b187e,47.65910339355469,8.856285095214844
06:10:00,4b187f,47.281494140625,8.830741882324219
06:10:00,4b1881,47.46051852985964,8.558332003079927
06:10:00,4b1883,47.45632882845604,8.314396784855768
06:10:00,4b18b9,47.53216242386123,8.783921461838943
06:10:00,4b1a3a,47.45893575377383,7.4307016225961515
06:10:00,4b5c20,47.46161250744836,8.551764855018027
06:10:00,4b5c65,47.464114690231064,8.549053485576923
06:10:00,710111,46.43148131289724,6.899757385253906
06:10:00,780a8a,47.46285777980998,8.55095496544471
06:10:00,8964bb,47.6572265625,9.25982666015625
06:20:00,06a0f9,47.419971530720346,9.649306077223557
06:20:00,300558,46.4608154296875,8.424503977705793
06:20:00,3944e7,45.911865234375,7.330078125
06:20:00,398517,47.25983183262711,7.5083805964543275
06:20:00,3c0ca4,47.38851928710938,6.963340759277344
06:20:00,3c0cb2,47.58132158699682,7.898747370793267
06:20:00,3c48ef,47.641979152873404,9.111468975360577
06:20:00,3c4dd7,47.65096373477224,8.467149000901443
06:20:00,440991,47.65516662597656,9.167610168457033
06:20:00,44ccda,46.44841003417969,6.498681045160063
06:20:00,451e91,47.43791198730469,8.254920959472656
06:20:00,4b15ed,47.53074645996094,8.788101196289062
06:20:00,4b17e0,47.45608520507812,8.555242538452147
06:20:00,4b17e2,46.72192072464248,7.19549560546875
06:20:00,4b17e3,47.45595641055349,8.556923499474157
06:20:00,4b17e5,47.44624328613281,8.563104629516603
06:20:00,4b17fd,47.37313997947563,8.795682466947115
06:20:00,4b187b,47.45156478881836,8.558006286621094
06:20:00,4b187e,47.46892547607422,8.543535232543945
06:20:00,4b187f,47.46074295043945,8.55531120300293
06:20:00,4b1883,47.46545306706832,8.547240037184494
06:20:00,4b18b9,47.5308837890625,8.802383422851562
06:20:00,4b18f1,47.45523485086732,8.554722712590143
06:20:00,4b1a3a,47.413330078125,7.4708404541015625
06:20:00,4b1a41,46.41421508789062,6.230855802210367
06:20:00,780a8a,47.46251678466797,8.55560302734375
06:20:00,894070,47.44520284361758,9.652334359975963
06:30:00,04c11b,45.8914753542108,7.237174987792969
06:30:00,06a0f9,47.25359383275954,8.116642878605768
06:30:00,300558,47.25576782226562,8.629623413085938
06:30:00,3944e7,46.42208862304688,6.436313536108996
06:30:00,39c880,46.06196594238281,8.023436011337653
06:30:00,3c0ca4,46.42620849609375,6.254503203601372
06:30:00,3c0cb2,46.96967173430879,7.012728177584134
06:30:00,3c48ef,47.20964852025954,7.692260742187499
06:30:00,3c4969,46.60533142089844,6.157434975228659
06:30:00,3c4dd7,47.64407400357521,8.607083834134615
06:30:00,3c56f4,47.545010841498936,7.9305795522836515
06:30:00,3c6dd5,47.58448791503906,7.894706726074219
06:30:00,43ea06,47.559535139698106,7.7983210637019225
06:30:00,440991,47.36553955078125,7.9583587646484375
06:30:00,451e91,47.05979919433594,7.4837493896484375
06:30:00,485870,45.864102638373936,7.179222106933594
06:30:00,4951d1,47.440035545219814,8.262775127704327
06:30:00,4b15ed,47.52951049804688,8.805953979492188
06:30:00,4b15ee,47.49417114257812,8.52099609375
06:30:00,4b15ef,47.45482635498047,8.554195404052733
06:30:00,4b1620,47.50007629394531,8.836578369140625
06:30:00,4b17e2,47.43708801269531,8.562538146972656
06:30:00,4b17e5,47.44624328613281,8.563087463378906
06:30:00,4b17fd,47.45613098144531,8.554634681114782
06:30:00,4b187e,47.46217113430217,8.557927058293268
06:30:00,4b1883,47.46058835821636,8.557398869441105
06:30:00,4b18f1,47.56736755371094,8.651458740234375
06:30:00,4b1a1b,46.386232537738344,6.214622497558594
06:30:00,4b1a23,46.42082085043696,6.2499847412109375
06:30:00,4b1a34,46.40043097027277,6.178436279296875
06:30:00,4b1a3a,46.51932538565943,8.307792663574219
06:30:00,4b1a41,46.49279061010329,6.2005462646484375
06:30:00,4b1a67,47.55474025920286,8.046217698317307
06:30:00,4b5c6d,47.454872131347656,8.55256462097168
06:30:00,4b5d9e,47.4536247253418,8.557559967041017
06:30:00,894070,47.426256082825745,7.89684589092548
06:30:00,8964bb,47.4607862052271,8.553384634164662
06:40:00,04c11b,46.55044555664062,6.169024211604421
06:40:00,06a0f8,47.60188293457031,9.41960906982422
06:40:00,06a0f9,46.76632690429688,6.703066942168445
06:40:00,34560f,47.53843688964844,7.715080261230469
06:40:00,3951c1,46.10105895996094,8.038843666634909
06:40:00,39c880,46.59768676757812,6.497073289824695
06:40:00,3c56f4,47.22024536132812,7.429985046386719
06:40:00,3c6dd5,46.95184222722457,7.131535456730767
06:40:00,43ea06,46.51885986328125,8.423011779785156
06:40:00,440991,46.68498229980469,6.512681914538872
06:40:00,448441,47.56462097167969,7.907752990722656
06:40:00,451e91,46.26873468948623,6.232337951660156
06:40:00,485870,46.490556102688025,6.694038391113281
06:40:00,4951d1,46.99862722623146,7.364220252403848
06:40:00,4b15ef,47.52003479003906,8.499778747558594
06:40:00,4b161e,47.45412923521914,8.557962270883412
06:40:00,4b161f,47.49554443359375,8.790573120117188
06:40:00,4b1620,47.44235229492188,9.07807159423828
06:40:00,4b17e3,47.455970764160156,8.556941986083983
06:40:00,4b17e5,47.44624328613281,8.563087463378906
06:40:00,4b17fd,47.45613098144531,8.554652287409855
06:40:00,4b1801,47.44418334960938,8.565353393554688
06:40:00,4b18f5,47.44870376586914,8.558315277099611
06:40:00,4b1a1d,47.49166197695974,7.2023127629206725
06:40:00,4b1a22,46.25574661513506,6.3082122802734375
06:40:00,4b1a36,46.27308654785156,6.161521353372713
06:40:00,4b1a3b,46.265103614936436,6.1491851806640625
06:40:00,4b1a67,47.44050106759799,8.336439866286057
06:40:00,4caabe,46.05015563964844,8.030603920541159
06:40:00,4d00f3,46.22648620605469,6.00945449456936
06:40:00,503db0,47.55972134864936,8.053612342247595
06:40:00,89640a,47.46191509699417,9.617826021634617
06:50:00,344409,47.55633544921875,7.960487365722656
06:50:00,34560f,47.41154479980469,7.57012939453125
06:50:00,3951c1,46.37343067233846,7.1827239990234375
06:50:00,3964e0,47.60993957519531,8.241188049316406
06:50:00,3964e9,47.5550537109375,7.9937896728515625
06:50:00,3c4961,46.21436167571504,5.977317810058594
06:50:00,3c496a,47.58444213867188,7.6007537841796875
06:50:00,3c49e2,46.60565185546875,6.157167016006098
06:50:00,3c5463,46.25123104806674,6.128105163574219
06:50:00,3c61e9,46.45600891113281,6.577193097370428
06:50:00,406442,45.913215249271715,7.330902099609375
06:50:00,43ea06,46.51885986328125,8.423011779785156
06:50:00,4400f0,46.23124694824219,6.0244602110327765
06:50:00,440822,47.62367248535156,8.508430480957031
06:50:00,448441,46.77543640136719,6.9500583555640265
06:50:00,44cdc7,47.78347778320312,8.553268432617188
06:50:00,461fa2,47.57427978515625,7.907066345214844
06:50:00,495286,47.65461730957031,9.167404174804688
06:50:00,4b15ef,47.08900451660156,7.5384063720703125
06:50:00,4b160e,47.36932269597457,8.408977801983173
06:50:00,4b161c,47.4525146484375,8.559362411499022
06:50:00,4b161e,47.45559310913086,8.558435440063478
06:50:00,4b1698,47.5512022891287,8.859135554387018
06:50:00,4b17e2,47.44623863090904,8.5601806640625
06:50:00,4b17e3,47.45595641055349,8.556923499474157
06:50:00,4b17e5,47.44625026896848,8.563085702749397
06:50:00,4b17fd,47.45611953735352,8.554641723632812
06:50:00,4b17fe,47.53169690148305,9.557682917668268
06:50:00,4b1800,46.32995088221664,6.1398468017578125
06:50:00,4b1801,47.44380627648305,8.562240600585938
06:50:00,4b18ba,47.44658777269265,8.559846144456131
06:50:00,4b18f5,47.44870376586914,8.558315277099611
06:50:00,4b19f4,47.45563888549805,8.560615539550781
06:50:00,4b1a67,46.833984375,9.822849180640244
06:50:00,4b5c6d,47.45487407102423,8.552574744591345
06:50:00,4b5da2,47.44580841064453,8.561800003051758
06:50:00,4ca257,46.34275817871094,9.298854920922256
06:50:00,4ca4ef,45.83267987784693,9.03515625
06:50:00,4caabe,46.44344523801642,6.872978210449219
06:50:00,503db0,46.8059475139036,7.273017883300781
06:50:00,89640a,47.34979248046875,8.726165771484375
07:00:00,06a0f8,47.46316909790039,8.547414779663086
07:00:00,344409,46.69486999511719,6.8868869688452765
07:00:00,392f32,47.50442504882812,9.561607360839844
07:00:00,3944e5,45.8315626241393,8.91265869140625
07:00:00,3950c2,45.93544006347656,7.4583100109565565
07:00:00,3964e0,47.25874328613281,9.011260986328123
07:00:00,3964e1,47.58783890029131,7.6393010066105775
07:00:00,3964e9,46.9843356892214,9.449932391826922
07:00:00,3c0d01,46.58477783203125,6.122265327267531
07:00:00,3c496a,46.66278076171875,6.879853039253049
07:00:00,3c5463,46.455176401946495,6.659706115722656
07:00:00,3c55a2,47.67670712228549,9.098369891826922
07:00:00,3c5cb0,47.56576538085938,7.907958984375
07:00:00,3c61e9,46.65576999470339,7.0609130859375
07:00:00,3c6443,46.33914184570312,6.783387719131098
07:00:00,3c6449,46.083251953125,9.087033155487807
07:00:00,406015,45.958789890095346,7.493843078613281
07:00:00,406442,46.48626708984375,6.323904642244665
07:00:00,4072c3,47.566424870895126,7.5578190730168275
07:00:00,440170,46.04402160644531,8.02819228753811
07:00:00,440822,47.60231664625265,8.641803448016827
07:00:00,4408de,47.453628798662606,8.556483342097355
07:00:00,461fa2,47.26231384277344,7.461158752441406
07:00:00,484cb5,45.88998568260063,7.2516632080078125
07:00:00,485871,47.4444694519043,8.561473846435549
07:00:00,495286,47.20729064941406,7.657402038574219
07:00:00,4b15ef,46.40071105957031,6.143568085461128
07:00:00,4b160e,46.964504435911024,8.543067345252402
07:00:00,4b161c,47.45643997192383,8.557989120483397
07:00:00,4b161e,47.59873212394068,8.720890925480768
07:00:00,4b1696,47.446622686871024,8.56292724609375
07:00:00,4b16b9,47.457115173339844,8.562761306762695
07:00:00,4b17e5,47.45586330607786,8.565920316256008
07:00:00,4b17fd,47.45613098144531,8.554652287409855
07:00:00,4b1800,46.20304870605469,6.032565977515246
07:00:00,4b18ba,47.50634765625,8.786727905273438
07:00:00,4b18f4,47.451622009277344,8.559345245361326
07:00:00,4b19f4,47.45563888549805,8.560615539550781
07:00:00,4b1a3e,46.2595173463983,6.141288757324219
07:00:00,4b1a40,46.39045715332031,6.188786204268293
07:00:00,4b5c6d,47.4538615598517,8.555972759540264
07:00:00,4b5da3,47.454152511338044,8.557504507211537
07:00:00,4ca24d,45.93230166677701,7.4443359375
07:00:00,4ca257,46.78514099121094,9.22322343035442
07:00:00,4ca4ef,46.13922636387711,8.081611633300781
07:00:00,4ca61d,47.587559586864394,7.5945810171274015
07:00:00,4ca7b7,46.08302307128906,8.013856469131099
07:00:00,4caa7c,46.08266539492849,9.085075378417967
07:00:00,4cacdb,46.47654387910488,9.423179626464844
07:00:00,4d2021,45.92097473144531,7.293046160442072
07:00:00,885175,47.64817060050318,9.291968712439905
07:00:00,89640a,46.840442722126596,7.078285217285156
07:00:00,a0ba69,46.285400390625,6.106455733136434
07:00:00,c01049,47.59216825840836,7.673527644230767
07:10:00,3004b2,47.57244873046875,8.323654174804688
07:10:00,392f32,47.48803090240995,8.950477013221152
07:10:00,3944e5,46.083875753111755,8.028465270996094
07:10:00,3950c2,45.95713806152344,7.416910311070883
07:10:00,3964e1,47.36005880064883,8.147982083834133
07:10:00,39cea4,47.57163872153071,8.413414588341345
07:10:00,3c09f0,46.96650618213718,6.4953848031850985
07:10:00,3c0d01,46.24017333984375,6.058959960937501
07:10:00,3c1c77,46.970928644729874,6.4971454326923075
07:10:00,3c5463,46.95323181152344,7.606109619140625
07:10:00,3c55a2,47.39511263572563,8.20404052734375
07:10:00,3c5cb0,47.16773986816406,7.354454040527344
07:10:00,3c61e9,47.28410339355469,8.660453796386719
07:10:00,3c6307,46.66121660652807,6.2458648681640625
07:10:00,3c6443,46.78220587261652,7.7688446044921875
07:10:00,3c6449,46.77360534667969,9.016492890148626
07:10:00,406015,46.85110318458686,6.539543151855469
07:10:00,406d93,47.55171436374471,7.9104379507211515
07:10:00,4072c3,47.52196748377914,7.592679537259616
07:10:00,4400f1,47.55362300549521,7.9951594426081725
07:10:00,440170,46.15416963221664,7.712059020996094
07:10:00,440380,47.54040216995498,7.663034292367787
07:10:00,4408de,47.4536247253418,8.556461334228517
07:10:00,44ce63,46.10193802138506,8.036705017089844
07:10:00,44ce69,47.542590125132406,7.733177771935098
07:10:00,484cb5,46.60726256289724,6.564399719238281
07:10:00,485871,47.44989395141602,8.5572509765625
07:10:00,4891ab,47.54207805051642,7.733670748197116
07:10:00,495286,46.53730773925781,6.219065596417684
07:10:00,4b1616,47.45330293299789,8.559405987079327
07:10:00,4b1618,47.4542688919326,8.560620821439302
07:10:00,4b161a,47.45425725387314,8.557469294621393
07:10:00,4b161c,47.44216918945312,9.071205139160156
07:10:00,4b1696,47.45585632324219,8.566160202026367
07:10:00,4b1697,47.452537536621094,8.558984756469728
07:10:00,4b16b9,47.70072807699946,8.726947490985577
07:10:00,4b16bd,47.453419313592434,8.557522113506607
07:10:00,4b17de,47.37593311374471,8.312002328725963
07:10:00,4b17e3,47.45595641055349,8.55694110576923
07:10:00,4b17e5,47.3764451883607,8.313340407151443
07:10:00,4b17fb,46.43879699707031,6.2522255502096025
07:10:00,4b17fd,47.45611953735352,8.554641723632812
07:10:00,4b17fe,47.45154190063477,8.559757232666017
07:10:00,4b187a,47.591749288268005,7.676696777343749
07:10:00,4b18ba,47.40980529785156,9.395301818847656
07:10:00,4b18f4,47.37181091308594,8.299690246582031
07:10:00,4b1936,47.44588851928711,8.560358047485353
07:10:00,4b19f4,47.45564218294822,8.560620821439302
07:10:00,4b19f5,47.455723649364394,8.559705294095552
07:10:00,4b19f6,47.50953803628179,8.766033466045673
07:10:00,4b1a1f,46.28182983398438,6.172507681497713
07:10:00,4b1a40,46.37603759765625,6.1706085205078125
07:10:00,4b5c6d,47.4538615598517,8.555972759540264
07:10:00,4ca4ef,46.65431213378906,6.452257109851372
07:10:00,4ca61d,47.17359924316406,7.143653869628906
07:10:00,4ca677,47.55036434884799,7.7712777944711515
07:10:00,4ca7b7,46.4403076171875,7.16837813214558
07:10:00,4ca844,46.20891506389036,5.974296569824219
07:10:00,4ca988,46.078336036811436,8.025787353515625
07:10:00,4ca9be,46.07876586914062,9.083281726371954
07:10:00,4caa7c,46.781786902476156,8.517288208007812
07:10:00,4cacdb,47.00402728581832,9.279573880709133
07:10:00,4d00da,47.03191207627118,6.671377328725963
07:10:00,4d2021,46.50391659494174,6.788520812988281
07:10:00,503d22,47.54072570800781,7.502288818359375
07:10:00,885175,47.57958984375,9.085281372070312
07:10:00,a0ba69,46.06878662109375,6.924937178448934
07:10:00,c01049,47.52313128972457,7.965932992788463
07:20:00,3004b2,47.29148735434321,8.317002516526443
07:20:00,345204,45.9620361328125,7.500044659870428
07:20:00,345207,47.49110412597656,7.191444396972656
07:20:00,34535a,47.53295381190414,7.5003521259014425
07:20:00,392f32,47.411731784626596,7.077026367187499
07:20:00,3944e5,46.58889770507812,6.461769662252287
07:20:00,3950c3,45.872901011321495,9.053970336914062
07:20:00,3964e1,46.66268920898438,9.658858136432928
07:20:00,3991e4,46.24638961533368,6.120964050292969
07:20:00,39cea4,46.95053100585938,9.70367431640625
07:20:00,3c1c77,46.511318400754774,6.328605651855469
07:20:00,3c55a2,46.79151632018008,6.688957214355469
07:20:00,3c6443,47.4515339479608,9.326547475961537
07:20:00,406d93,47.06900024414062,7.200439453125
07:20:00,406f0a,47.61237192962129,8.246295635516827
07:20:00,4072c3,46.46992492675781,8.394827493807165
07:20:00,4400f1,46.69120788574219,7.127045422065549
07:20:00,44014a,46.0643703654661,9.071685791015623
07:20:00,440380,46.84900833388506,7.057823181152344
07:20:00,44082c,46.24978792869438,6.126457214355469
07:20:00,4408de,47.45361716060315,8.556483342097355
07:20:00,44ce63,46.14559936523438,7.957317073170732
07:20:00,44ce69,46.60922241210938,8.234654868521343
07:20:00,44d068,46.38669806011652,6.3016204833984375
07:20:00,44d1a2,47.08228159759004,6.705110990084134
07:20:00,45ac50,46.63188869670286,6.198486328125
07:20:00,485871,47.33349609375,8.190788269042969
07:20:00,4891ab,47.29525808560646,7.606130746694713
07:20:00,4b160d,47.44793701171875,8.55889892578125
07:20:00,4b1615,47.44831466674805,8.558589935302733
07:20:00,4b1616,47.45249990689553,8.559370774489182
07:20:00,4b1617,47.45048904418945,8.559225082397461
07:20:00,4b1618,47.45487407102423,8.560656034029448
07:20:00,4b161a,47.45891189575195,8.563053131103517
07:20:00,4b168e,47.45372772216797,8.558349609375
07:20:00,4b168f,47.461565955210546,8.564071655273438
07:20:00,4b1696,47.35020446777344,8.234458923339844
07:20:00,4b1697,47.45615425756422,8.562205387995792
07:20:00,4b16bd,47.4564917612884,8.55734605055589
07:20:00,4b16be,47.45626831054688,8.560323715209961
07:20:00,4b17de,47.22063484838454,7.8328998272235575
07:20:00,4b17e0,47.34384155273438,8.450340270996094
07:20:00,4b17e2,47.44625026896848,8.5601806640625
07:20:00,4b17e3,47.45595641055349,8.556923499474157
07:20:00,4b17fa,47.44588948912539,8.56334979717548
07:20:00,4b17fd,47.45611953735352,8.554641723632812
07:20:00,4b17fe,47.45154558602026,8.559898963341345
07:20:00,4b187a,47.56315612792969,7.801322937011719
07:20:00,4b1887,47.592261362883995,7.6727529672475985
07:20:00,4b18f4,47.41666632183527,7.4309833233173075
07:20:00,4b1936,47.44588851928711,8.560375213623049
07:20:00,4b19f2,47.45568466186523,8.560169219970701
07:20:00,4b19f4,47.45660814188295,8.570145827073318
07:20:00,4b19f5,47.455723649364394,8.559705294095552
07:20:00,4b1a5f,46.39457702636719,6.261001214748478
07:20:00,4b5c6d,47.4538615598517,8.555972759540264
07:20:00,4ca5ac,47.53970388638771,7.7200082632211515
07:20:00,4ca618,47.57469177246094,7.58056640625
07:20:00,4ca677,47.14605816340042,8.026216947115383
07:20:00,4ca6a4,47.5833698854608,7.8180401141826925
07:20:00,4ca988,46.28233337402344,7.5462006359565565
07:20:00,4ca9be,46.28060551012979,9.037834167480467
07:20:00,4caa7c,47.38906084480932,7.1771709735576925
07:20:00,4d00da,46.48054737155721,6.696990966796875
07:20:00,503d22,47.2830613992982,7.3257681039663485
07:20:00,504de2,47.60618591308594,9.207298278808594
07:20:00,710061,45.9244343385858,7.7270965576171875
07:20:00,885175,47.74685668945312,8.625846862792969
07:20:00,c01049,47.610277078919495,8.236365685096152
07:30:00,06a1a5,46.06306690280721,9.071136474609377
07:30:00,34444b,46.27376233117055,6.161750793457031
07:30:00,344696,47.55633544921875,7.95574951171875
07:30:00,345207,47.41827392578125,7.292655944824219
07:30:00,34535a,46.95707702636719,7.978202819824219
07:30:00,3944ec,47.65521240234375,9.208534240722656
07:30:00,394c0c,45.86883544921875,7.131935677877287
07:30:00,394c13,46.04292297363281,8.029331114233994
07:30:00,3950c3,46.11217951370498,8.105026245117188
07:30:00,3991e4,46.45070738711599,6.234466552734375
07:30:00,3c09ea,47.58535766601562,7.890724182128906
07:30:00,3c56e9,47.56938171386719,8.339447021484375
07:30:00,3c65c2,46.08439636230469,9.087636063738568
07:30:00,4008b1,46.39938354492188,6.265824480754572
07:30:00,4008b4,47.377608994306144,8.315523587740383
07:30:00,40643a,47.54937744140625,7.770835876464844
07:30:00,406f0a,47.529322737354356,8.429823655348557
07:30:00,4072c6,46.17567443847656,6.018498118330793
07:30:00,44014a,46.11190020027807,9.05767822265625
07:30:00,440713,46.1747457213321,6.016044616699219
07:30:00,44082c,46.45582580566406,6.58054258765244
07:30:00,4408de,47.45270919799805,8.556667327880861
07:30:00,44ce63,46.905383093882406,6.598205566406249
07:30:00,44ce6c,46.14262467723782,5.969078063964844
07:30:00,44d1a2,47.06110032938295,6.707998422475963
07:30:00,45ac2e,46.612848831435386,6.172393798828125
07:30:00,45ac50,46.602886652542374,6.192375183105469
07:30:00,4690e2,45.919189453125,7.801833734279728
07:30:00,484f6d,46.990759898040245,6.5974308894230775
07:30:00,4b160d,47.55574035644531,8.553474426269531
07:30:00,4b1612,47.45427703857422,8.556324005126951
07:30:00,4b1615,47.44831466674805,8.558589935302733
07:30:00,4b1616,47.45787048339844,8.552478790283201
07:30:00,4b1617,47.44948564949682,8.55926513671875
07:30:00,4b1618,47.38499450683594,8.337249755859375
07:30:00,4b1619,45.87272644042969,7.093282560022867
07:30:00,4b161a,47.47837829589844,9.020599365234377
07:30:00,4b168e,47.45332717895508,8.55805778503418
07:30:00,4b168f,47.25834216101695,7.8711407001201925
07:30:00,4b1696,47.42948913574219,6.952629089355469
07:30:00,4b1697,47.58485955707097,8.722792405348557
07:30:00,4b16bd,47.52772521972656,8.673774719238281
07:30:00,4b16be,47.46158923132945,8.564054048978365
07:30:00,4b17de,46.55049133300781,6.554952481897867
07:30:00,4b17e0,46.56440734863281,8.600084258288872
07:30:00,4b17e2,47.44623863090904,8.5601806640625
07:30:00,4b17e3,47.45620080980203,8.561219435471754
07:30:00,4b17fa,47.44588948912539,8.56334979717548
07:30:00,4b17fd,47.45611934338586,8.554634681114782
07:30:00,4b17fe,47.45151067184189,8.559652475210335
07:30:00,4b1887,47.43705620199946,8.373342660757213
07:30:00,4b18f2,47.64076879469015,9.320420485276443
07:30:00,4b1936,47.44587707519531,8.560375213623049
07:30:00,4b19f2,47.455677097126596,8.560163057767427
07:30:00,4b19f4,47.35762023925781,7.530029296875
07:30:00,4b19f5,47.51614379882812,8.502250671386719
07:30:00,4baa4d,47.46111207089182,8.551588792067307
07:30:00,4ca4f3,47.57750430349576,7.90325458233173
07:30:00,4ca51d,45.86158881753179,7.197967529296875
07:30:00,4ca5ac,46.75630187988281,6.579135801733996
07:30:00,4ca618,47.15107727050781,7.319984436035156
07:30:00,4ca677,46.14143371582031,8.642086866425307
07:30:00,4ca6a4,46.95607848086599,8.18340594951923
07:30:00,4ca9be,47.50423108117055,8.983647273137018
07:30:00,4cab74,47.54095458984375,7.723182678222656
07:30:00,4cabae,46.45701599121094,6.566541718273629
07:30:00,504de2,47.29293047371557,7.888254018930287
07:30:00,710061,46.549351579051894,6.340690612792969
07:30:00,885175,47.26495257878707,8.682861328125
